dosya,etiket,hw,sw,hw_cevrim,sw_cevrim
dataset/.hex_cache/bilinmeyen/bed_0ea0e2f4_nohash_1.wav.hex,1,1,1,45539,12610073
dataset/.hex_cache/bilinmeyen/bird_2c6d3924_nohash_0.wav.hex,1,1,1,45539,12605792
dataset/.hex_cache/bilinmeyen/cat_8fe67225_nohash_0.wav.hex,1,1,1,45539,12607586
dataset/.hex_cache/bilinmeyen/dog_85d2ac4b_nohash_2.wav.hex,1,3,3,45539,12609857
dataset/.hex_cache/bilinmeyen/eight_67961766_nohash_0.wav.hex,1,1,1,45539,12605321
dataset/.hex_cache/bilinmeyen/eight_82b99576_nohash_0.wav.hex,1,1,1,45539,12609275
dataset/.hex_cache/bilinmeyen/eight_f9643d42_nohash_2.wav.hex,1,1,1,45539,12610070
dataset/.hex_cache/bilinmeyen/five_7dc95912_nohash_1.wav.hex,1,1,1,45539,12610829
dataset/.hex_cache/bilinmeyen/five_c7dc7278_nohash_0.wav.hex,1,1,1,45539,12607895
dataset/.hex_cache/bilinmeyen/follow_b7e9f841_nohash_2.wav.hex,1,1,1,45539,12608780
dataset/.hex_cache/bilinmeyen/forward_c7dc7278_nohash_2.wav.hex,1,1,1,45539,12607805
dataset/.hex_cache/bilinmeyen/four_5170b77f_nohash_2.wav.hex,1,3,3,45539,12608063
dataset/.hex_cache/bilinmeyen/four_d1bf406b_nohash_0.wav.hex,1,3,3,45539,12610715
dataset/.hex_cache/bilinmeyen/happy_5828dfa2_nohash_1.wav.hex,1,1,1,45539,12608471
dataset/.hex_cache/bilinmeyen/happy_f17d21b5_nohash_0.wav.hex,1,1,1,45539,12610205
dataset/.hex_cache/bilinmeyen/learn_0cb74144_nohash_0.wav.hex,1,1,1,45539,12607037
dataset/.hex_cache/bilinmeyen/marvin_3b4f8f24_nohash_0.wav.hex,1,1,1,45539,12609905
dataset/.hex_cache/bilinmeyen/nine_3df9a3d4_nohash_0.wav.hex,1,3,3,45539,12611906
dataset/.hex_cache/bilinmeyen/nine_7257420c_nohash_0.wav.hex,1,1,1,45539,12610046
dataset/.hex_cache/bilinmeyen/nine_fb7eb481_nohash_1.wav.hex,1,1,1,45539,12608495
dataset/.hex_cache/bilinmeyen/one_692a88e6_nohash_1.wav.hex,1,1,1,45539,12607409
dataset/.hex_cache/bilinmeyen/one_d5b963aa_nohash_0.wav.hex,1,1,1,45539,12608336
dataset/.hex_cache/bilinmeyen/seven_563aa4e6_nohash_2.wav.hex,1,1,1,45539,12607082
dataset/.hex_cache/bilinmeyen/sheila_4c6167ca_nohash_1.wav.hex,1,3,3,45539,12611153
dataset/.hex_cache/bilinmeyen/sheila_af130f12_nohash_3.wav.hex,1,1,1,45539,12608360
dataset/.hex_cache/bilinmeyen/six_5c8af87a_nohash_0.wav.hex,1,1,1,45539,12607844
dataset/.hex_cache/bilinmeyen/six_a6f2fd71_nohash_4.wav.hex,1,2,2,45539,12607928
dataset/.hex_cache/bilinmeyen/six_f428ca69_nohash_0.wav.hex,1,1,1,45539,12607748
dataset/.hex_cache/bilinmeyen/three_370844f7_nohash_1.wav.hex,1,1,1,45539,12607442
dataset/.hex_cache/bilinmeyen/three_e9901cf0_nohash_1.wav.hex,1,1,1,45539,12609788
dataset/.hex_cache/bilinmeyen/tree_a4e8a997_nohash_1.wav.hex,1,1,1,45539,12609530
dataset/.hex_cache/bilinmeyen/two_964e8cfd_nohash_2.wav.hex,1,1,1,45539,12608408
dataset/.hex_cache/bilinmeyen/two_e1469561_nohash_3.wav.hex,1,1,1,45539,12609350
dataset/.hex_cache/bilinmeyen/wow_81dc4a94_nohash_0.wav.hex,1,1,1,45539,12609050
dataset/.hex_cache/bilinmeyen/wow_dc75148d_nohash_0.wav.hex,1,3,3,45539,12608057
dataset/.hex_cache/bilinmeyen/zero_893705bb_nohash_3.wav.hex,1,3,3,45539,12610235
dataset/.hex_cache/bilinmeyen/zero_d0faf7e4_nohash_4.wav.hex,1,3,3,45539,12608750
dataset/.hex_cache/no/03401e93_nohash_1.hex,3,3,3,45539,12605537
dataset/.hex_cache/no/0cb74144_nohash_0.hex,3,3,3,45539,12607313
dataset/.hex_cache/no/189cbabe_nohash_4.hex,3,3,3,45539,12609179
dataset/.hex_cache/no/1b4c9b89_nohash_0.hex,3,3,3,45539,12609221
dataset/.hex_cache/no/2fa39636_nohash_0.hex,3,3,3,45539,12612389
dataset/.hex_cache/no/37dca74f_nohash_1.hex,3,3,3,45539,12607448
dataset/.hex_cache/no/3d86b69a_nohash_3.hex,3,3,3,45539,12611369
dataset/.hex_cache/no/4c6167ca_nohash_5.hex,3,3,3,45539,12607412
dataset/.hex_cache/no/563aa4e6_nohash_4.hex,3,3,3,45539,12608867
dataset/.hex_cache/no/5c8af87a_nohash_3.hex,3,3,3,45539,12607655
dataset/.hex_cache/no/63f7a489_nohash_3.hex,3,3,3,45539,12608060
dataset/.hex_cache/no/6736bc64_nohash_1.hex,3,3,3,45539,12610739
dataset/.hex_cache/no/6e916de8_nohash_1.hex,3,3,3,45539,12609800
dataset/.hex_cache/no/837a0f64_nohash_3.hex,3,3,3,45539,12608237
dataset/.hex_cache/no/85834399_nohash_0.hex,3,3,3,45539,12608819
dataset/.hex_cache/no/863880b7_nohash_1.hex,3,3,3,45539,12609614
dataset/.hex_cache/no/893705bb_nohash_7.hex,3,3,3,45539,12610430
dataset/.hex_cache/no/8ec6dab6_nohash_2.hex,3,3,3,45539,12607769
dataset/.hex_cache/no/91b03183_nohash_0.hex,3,3,3,45539,12610385
dataset/.hex_cache/no/97f4c236_nohash_2.hex,3,3,3,45539,12607688
dataset/.hex_cache/no/9a7c1f83_nohash_3.hex,3,3,3,45539,12607835
dataset/.hex_cache/no/9e2ce5e3_nohash_2.hex,3,3,3,45539,12612041
dataset/.hex_cache/no/a6f2fd71_nohash_3.hex,3,3,3,45539,12606791
dataset/.hex_cache/no/a7216980_nohash_1.hex,3,3,3,45539,12610478
dataset/.hex_cache/no/af8b2f2c_nohash_0.hex,3,3,3,45539,12611420
dataset/.hex_cache/no/b49caed3_nohash_3.hex,3,3,3,45539,12607991
dataset/.hex_cache/no/bb05582b_nohash_1.hex,3,3,3,45539,12608150
dataset/.hex_cache/no/bfd26d6b_nohash_2.hex,3,3,3,45539,12606971
dataset/.hex_cache/no/c9b5ff26_nohash_3.hex,3,3,3,45539,12608624
dataset/.hex_cache/no/ca4d5368_nohash_4.hex,3,3,3,45539,12607652
dataset/.hex_cache/no/cfbedff9_nohash_3.hex,3,3,3,45539,12607241
dataset/.hex_cache/no/d5b963aa_nohash_3.hex,3,3,3,45539,12609680
dataset/.hex_cache/no/db24628d_nohash_1.hex,3,3,3,45539,12606971
dataset/.hex_cache/no/e1469561_nohash_1.hex,3,2,1,45539,12607460
dataset/.hex_cache/no/e41a903b_nohash_0.hex,3,3,3,45539,12607025
dataset/.hex_cache/no/f428ca69_nohash_0.hex,3,3,3,45539,12610088
dataset/.hex_cache/no/fb7eb481_nohash_2.hex,3,3,3,45539,12608267
dataset/.hex_cache/sessizlik/3025.hex,0,0,0,45539,12611753
dataset/.hex_cache/sessizlik/3040.hex,0,0,0,45539,12613103
dataset/.hex_cache/sessizlik/3123.hex,0,0,0,45539,12610592
dataset/.hex_cache/sessizlik/3125.hex,0,0,0,45539,12611126
dataset/.hex_cache/sessizlik/3228.hex,0,0,0,45539,12612542
dataset/.hex_cache/sessizlik/3231.hex,0,0,0,45539,12612233
dataset/.hex_cache/sessizlik/3333.hex,0,0,0,45539,12613427
dataset/.hex_cache/sessizlik/3347.hex,0,0,0,45539,12613424
dataset/.hex_cache/sessizlik/3469.hex,0,0,0,45539,12612050
dataset/.hex_cache/sessizlik/3471.hex,0,0,0,45539,12612008
dataset/.hex_cache/sessizlik/3542.hex,0,0,0,45539,12612803
dataset/.hex_cache/sessizlik/3551.hex,0,0,0,45539,12612809
dataset/.hex_cache/sessizlik/3634.hex,0,0,0,45539,12611783
dataset/.hex_cache/sessizlik/3657.hex,0,0,0,45539,12613247
dataset/.hex_cache/sessizlik/3746.hex,0,0,0,45539,12613451
dataset/.hex_cache/sessizlik/3767.hex,0,0,0,45539,12613364
dataset/.hex_cache/sessizlik/3858.hex,0,0,0,45539,12612545
dataset/.hex_cache/sessizlik/3859.hex,0,0,0,45539,12612008
dataset/.hex_cache/sessizlik/3941.hex,0,0,0,45539,12611717
dataset/.hex_cache/sessizlik/3942.hex,0,0,0,45539,12613430
dataset/.hex_cache/sessizlik/4038.hex,0,0,0,45539,12611888
dataset/.hex_cache/sessizlik/4042.hex,0,0,0,45539,12612680
dataset/.hex_cache/sessizlik/4157.hex,0,0,0,45539,12613349
dataset/.hex_cache/sessizlik/4173.hex,0,0,0,45539,12612842
dataset/.hex_cache/sessizlik/4344.hex,0,0,0,45539,12613235
dataset/.hex_cache/sessizlik/4352.hex,0,0,0,45539,12612554
dataset/.hex_cache/sessizlik/4466.hex,0,0,0,45539,12613202
dataset/.hex_cache/sessizlik/4467.hex,0,0,0,45539,12612530
dataset/.hex_cache/sessizlik/4534.hex,0,0,0,45539,12611783
dataset/.hex_cache/sessizlik/4537.hex,0,0,0,45539,12613700
dataset/.hex_cache/sessizlik/4669.hex,0,0,0,45539,12611549
dataset/.hex_cache/sessizlik/4683.hex,0,0,0,45539,12613133
dataset/.hex_cache/yes/0cb74144_nohash_0.hex,2,2,2,45539,12606302
dataset/.hex_cache/yes/1b4c9b89_nohash_0.hex,2,2,2,45539,12608804
dataset/.hex_cache/yes/1b4c9b89_nohash_3.hex,2,2,2,45539,12609788
dataset/.hex_cache/yes/1f3bece8_nohash_0.hex,2,2,2,45539,12610697
dataset/.hex_cache/yes/2796ac50_nohash_1.hex,2,2,2,45539,12610607
dataset/.hex_cache/yes/3df9a3d4_nohash_0.hex,2,2,2,45539,12608465
dataset/.hex_cache/yes/422d3197_nohash_0.hex,2,2,2,45539,12611735
dataset/.hex_cache/yes/42beb5eb_nohash_1.hex,2,2,2,45539,12606254
dataset/.hex_cache/yes/47d01978_nohash_0.hex,2,2,2,45539,12607955
dataset/.hex_cache/yes/4845bb10_nohash_1.hex,2,2,2,45539,12609149
dataset/.hex_cache/yes/4a0e2c16_nohash_0.hex,2,2,2,45539,12605528
dataset/.hex_cache/yes/4fd1443e_nohash_0.hex,2,2,2,45539,12608855
dataset/.hex_cache/yes/4fd1443e_nohash_4.hex,2,2,2,45539,12608393
dataset/.hex_cache/yes/563aa4e6_nohash_0.hex,2,2,2,45539,12607946
dataset/.hex_cache/yes/563aa4e6_nohash_2.hex,2,2,2,45539,12608342
dataset/.hex_cache/yes/6379c6a2_nohash_0.hex,2,2,2,45539,12612398
dataset/.hex_cache/yes/63f7a489_nohash_3.hex,2,2,2,45539,12608966
dataset/.hex_cache/yes/6f2f57c1_nohash_0.hex,2,2,2,45539,12609287
dataset/.hex_cache/yes/6f2f57c1_nohash_3.hex,2,2,2,45539,12608732
dataset/.hex_cache/yes/7192fddc_nohash_0.hex,2,2,2,45539,12610643
dataset/.hex_cache/yes/798f702a_nohash_0.hex,2,2,2,45539,12610205
dataset/.hex_cache/yes/82b99576_nohash_1.hex,2,2,2,45539,12610937
dataset/.hex_cache/yes/8494fba8_nohash_0.hex,2,2,2,45539,12609824
dataset/.hex_cache/yes/87070229_nohash_2.hex,2,2,2,45539,12607571
dataset/.hex_cache/yes/893705bb_nohash_0.hex,2,3,3,45539,12610295
dataset/.hex_cache/yes/893705bb_nohash_3.hex,2,3,3,45539,12610418
dataset/.hex_cache/yes/893705bb_nohash_7.hex,2,1,1,45539,12610139
dataset/.hex_cache/yes/8c7f81df_nohash_0.hex,2,2,2,45539,12607817
dataset/.hex_cache/yes/91b03183_nohash_2.hex,2,2,2,45539,12609833
dataset/.hex_cache/yes/94de6a6a_nohash_3.hex,2,2,2,45539,12607394
dataset/.hex_cache/yes/964e8cfd_nohash_0.hex,2,2,2,45539,12609179
dataset/.hex_cache/yes/97f4c236_nohash_4.hex,2,2,2,45539,12608615
dataset/.hex_cache/yes/9a356ab9_nohash_0.hex,2,2,2,45539,12605456
dataset/.hex_cache/yes/9a7c1f83_nohash_0.hex,2,2,2,45539,12608789
dataset/.hex_cache/yes/9a7c1f83_nohash_4.hex,2,2,2,45539,12608687
dataset/.hex_cache/yes/a60a09cf_nohash_0.hex,2,2,2,45539,12609449
dataset/.hex_cache/yes/a6f2fd71_nohash_0.hex,2,2,2,45539,12607160
dataset/.hex_cache/yes/a6f2fd71_nohash_1.hex,2,2,2,45539,12607631
dataset/.hex_cache/yes/a7216980_nohash_0.hex,2,2,2,45539,12606779
dataset/.hex_cache/yes/adebe223_nohash_0.hex,2,2,2,45539,12607313
dataset/.hex_cache/yes/af7a8296_nohash_1.hex,2,2,2,45539,12608246
dataset/.hex_cache/yes/b49caed3_nohash_1.hex,2,2,2,45539,12608537
dataset/.hex_cache/yes/b83c1acf_nohash_2.hex,2,2,2,45539,12608810
dataset/.hex_cache/yes/b97c9f77_nohash_4.hex,2,2,2,45539,12608684
dataset/.hex_cache/yes/bb05582b_nohash_1.hex,2,2,2,45539,12610166
dataset/.hex_cache/yes/beb458a4_nohash_3.hex,2,2,2,45539,12609887
dataset/.hex_cache/yes/bfd26d6b_nohash_0.hex,2,2,2,45539,12607550
dataset/.hex_cache/yes/c0e0f834_nohash_0.hex,2,2,2,45539,12605948
dataset/.hex_cache/yes/c7dc7278_nohash_3.hex,2,2,2,45539,12607682
dataset/.hex_cache/yes/c9e251d2_nohash_0.hex,2,1,1,45539,12609002
