blok,test,tohum,sonuc,gecti,beklenen_basarisiz,ihlal,uyari,hata,yazma,okuma,kontrol,uyusmazlik,sure
gpio,gpio_bitwalk_test,1,GECTI,True,False,0,0,0,34,33,33,0,0.7
gpio,gpio_bitwalk_test,2,GECTI,True,False,0,0,0,34,33,33,0,0.7
gpio,gpio_bitwalk_test,3,GECTI,True,False,0,0,0,34,33,33,0,0.7
gpio,gpio_display_test,1,GECTI,True,False,0,0,0,13,0,0,0,3.2
gpio,gpio_display_test,2,GECTI,True,False,0,0,0,13,0,0,0,3.8
gpio,gpio_display_test,3,GECTI,True,False,0,0,0,13,0,0,0,3.3
gpio,gpio_pad_test,1,GECTI,True,False,0,0,0,3,5,5,0,0.7
gpio,gpio_pad_test,2,GECTI,True,False,0,0,0,3,5,5,0,0.6
gpio,gpio_pad_test,3,GECTI,True,False,0,0,0,3,5,5,0,0.6
gpio,gpio_random_test,1,GECTI,True,False,0,0,0,37,101,101,0,3.4
gpio,gpio_random_test,2,GECTI,True,False,0,0,0,18,78,78,0,2.5
gpio,gpio_random_test,3,GECTI,True,False,0,0,0,32,90,90,0,3.1
gpio,gpio_reset_mid_test,1,GECTI,True,False,0,0,0,5,16,16,0,1.1
gpio,gpio_reset_mid_test,2,GECTI,True,False,0,0,0,9,12,12,0,1.2
gpio,gpio_reset_mid_test,3,GECTI,True,False,0,0,0,5,16,16,0,1.1
gpio,gpio_reset_test,1,GECTI,True,False,0,0,0,0,3,3,0,0.8
gpio,gpio_reset_test,2,GECTI,True,False,0,0,0,0,3,3,0,0.7
gpio,gpio_reset_test,3,GECTI,True,False,0,0,0,0,3,3,0,0.8
gpio,gpio_ro_test,1,GECTI,True,False,0,0,0,2,3,3,0,0.7
gpio,gpio_ro_test,2,GECTI,True,False,0,0,0,2,3,3,0,0.7
gpio,gpio_ro_test,3,GECTI,True,False,0,0,0,2,3,3,0,0.6
gpio,gpio_stress_test,1,GECTI,True,False,0,0,0,4,4,4,0,0.7
gpio,gpio_stress_test,2,GECTI,True,False,0,0,0,4,4,4,0,0.7
gpio,gpio_stress_test,3,GECTI,True,False,0,0,0,4,4,4,0,0.7
gpio,gpio_unmapped_test,1,GECTI,True,False,0,0,0,2,2,1,0,0.8
gpio,gpio_unmapped_test,2,GECTI,True,False,0,0,0,2,2,1,0,0.7
gpio,gpio_unmapped_test,3,GECTI,True,False,0,0,0,2,2,1,0,0.6
i2c,i2c_bitwalk_test,1,GECTI,True,False,0,0,0,68,66,66,0,0.7
i2c,i2c_bitwalk_test,2,GECTI,True,False,0,0,0,68,66,66,0,0.8
i2c,i2c_bitwalk_test,3,GECTI,True,False,0,0,0,68,66,66,0,0.7
i2c,i2c_flags_test,1,GECTI,True,False,0,0,0,9,52,1,0,0.8
i2c,i2c_flags_test,2,GECTI,True,False,0,0,0,9,52,1,0,1.2
i2c,i2c_flags_test,3,GECTI,True,False,0,0,0,9,52,1,0,1.0
i2c,i2c_nack_test,1,GECTI,True,False,0,0,0,9,39,0,0,0.9
i2c,i2c_nack_test,2,GECTI,True,False,0,0,0,9,39,0,0,0.8
i2c,i2c_nack_test,3,GECTI,True,False,0,0,0,9,39,0,0,0.8
i2c,i2c_nby_test,1,GECTI,True,False,0,0,0,8,8,8,0,0.7
i2c,i2c_nby_test,2,GECTI,True,False,0,0,0,8,8,8,0,0.7
i2c,i2c_nby_test,3,GECTI,True,False,0,0,0,8,8,8,0,0.7
i2c,i2c_random_test,1,GECTI,True,False,0,0,0,24,73,52,0,2.8
i2c,i2c_random_test,2,GECTI,True,False,0,0,0,18,74,43,0,2.8
i2c,i2c_random_test,3,GECTI,True,False,0,0,0,32,89,63,0,3.3
i2c,i2c_read_test,1,GECTI,True,False,0,0,0,20,210,0,0,1.0
i2c,i2c_read_test,2,GECTI,True,False,0,0,0,20,210,0,0,1.0
i2c,i2c_read_test,3,GECTI,True,False,0,0,0,20,210,0,0,1.1
i2c,i2c_reset_mid_test,1,GECTI,True,False,0,0,0,10,22,17,0,1.3
i2c,i2c_reset_mid_test,2,GECTI,True,False,0,0,0,11,21,9,0,1.3
i2c,i2c_reset_mid_test,3,GECTI,True,False,0,0,0,12,20,12,0,1.3
i2c,i2c_reset_test,1,GECTI,True,False,0,0,0,0,6,4,0,0.8
i2c,i2c_reset_test,2,GECTI,True,False,0,0,0,0,6,4,0,0.8
i2c,i2c_reset_test,3,GECTI,True,False,0,0,0,0,6,4,0,0.7
i2c,i2c_ro_test,1,GECTI,True,False,0,0,0,2,5,0,0,0.7
i2c,i2c_ro_test,2,GECTI,True,False,0,0,0,2,5,0,0,0.7
i2c,i2c_ro_test,3,GECTI,True,False,0,0,0,2,5,0,0,0.9
i2c,i2c_stress_test,1,GECTI,True,False,0,0,0,6,6,6,0,1.0
i2c,i2c_stress_test,2,GECTI,True,False,0,0,0,6,6,6,0,0.9
i2c,i2c_stress_test,3,GECTI,True,False,0,0,0,6,6,6,0,0.9
i2c,i2c_unmapped_test,1,GECTI,True,False,0,0,0,3,7,7,0,0.8
i2c,i2c_unmapped_test,2,GECTI,True,False,0,0,0,3,7,7,0,0.7
i2c,i2c_unmapped_test,3,GECTI,True,False,0,0,0,3,7,7,0,0.8
i2c,i2c_write_test,1,GECTI,True,False,0,0,0,24,158,0,0,0.9
i2c,i2c_write_test,2,GECTI,True,False,0,0,0,24,158,0,0,0.9
i2c,i2c_write_test,3,GECTI,True,False,0,0,0,24,158,0,0,1.0
qspi,qspi_bitwalk_test,1,GECTI,True,False,0,0,0,34,33,33,0,1.6
qspi,qspi_bitwalk_test,2,GECTI,True,False,0,0,0,34,33,33,0,1.4
qspi,qspi_bitwalk_test,3,GECTI,True,False,0,0,0,34,33,33,0,1.3
qspi,qspi_dma_test,1,GECTI,True,False,0,0,0,5,12,0,0,0.7
qspi,qspi_dma_test,2,GECTI,True,False,0,0,0,5,12,0,0,0.8
qspi,qspi_dma_test,3,GECTI,True,False,0,0,0,5,12,0,0,0.8
qspi,qspi_fifo_test,1,GECTI,True,False,0,0,0,70,6,0,0,0.9
qspi,qspi_fifo_test,2,GECTI,True,False,0,0,0,70,6,0,0,0.7
qspi,qspi_fifo_test,3,GECTI,True,False,0,0,0,70,6,0,0,0.7
qspi,qspi_flash_test,1,GECTI,True,False,0,0,0,12,30,0,0,0.9
qspi,qspi_flash_test,2,GECTI,True,False,0,0,0,12,30,0,0,0.9
qspi,qspi_flash_test,3,GECTI,True,False,0,0,0,12,30,0,0,0.9
qspi,qspi_modes_test,1,GECTI,True,False,0,0,0,27,68,0,0,0.9
qspi,qspi_modes_test,2,GECTI,True,False,0,0,0,27,68,0,0,0.9
qspi,qspi_modes_test,3,GECTI,True,False,0,0,0,27,68,0,0,0.8
qspi,qspi_random_test,1,GECTI,True,False,0,0,0,24,73,14,0,3.0
qspi,qspi_random_test,2,GECTI,True,False,0,0,0,18,74,20,0,2.9
qspi,qspi_random_test,3,GECTI,True,False,0,0,0,32,89,30,0,3.4
qspi,qspi_reset_mid_test,1,GECTI,True,False,0,0,0,9,22,8,0,1.3
qspi,qspi_reset_mid_test,2,GECTI,True,False,0,0,0,10,21,8,0,1.3
qspi,qspi_reset_mid_test,3,GECTI,True,False,0,0,0,11,20,9,0,1.4
qspi,qspi_reset_test,1,GECTI,True,False,0,0,0,0,2,1,0,1.9
qspi,qspi_reset_test,2,GECTI,True,False,0,0,0,0,2,1,0,2.0
qspi,qspi_reset_test,3,GECTI,True,False,0,0,0,0,2,1,0,1.8
qspi,qspi_ro_test,1,GECTI,True,False,0,0,0,2,2,0,0,1.1
qspi,qspi_ro_test,2,GECTI,True,False,0,0,0,2,2,0,0,1.1
qspi,qspi_ro_test,3,GECTI,True,False,0,0,0,2,2,0,0,0.7
qspi,qspi_stress_test,1,GECTI,True,False,0,0,0,6,6,6,0,0.7
qspi,qspi_stress_test,2,GECTI,True,False,0,0,0,6,6,6,0,0.8
qspi,qspi_stress_test,3,GECTI,True,False,0,0,0,6,6,6,0,0.8
qspi,qspi_unmapped_test,1,GECTI,True,False,0,0,0,3,7,7,0,0.7
qspi,qspi_unmapped_test,2,GECTI,True,False,0,0,0,3,7,7,0,0.6
qspi,qspi_unmapped_test,3,GECTI,True,False,0,0,0,3,7,7,0,0.7
timer,timer_bitwalk_test,1,GECTI,True,False,0,0,0,137,132,132,0,0.7
timer,timer_bitwalk_test,2,GECTI,True,False,0,0,0,137,132,132,0,0.7
timer,timer_bitwalk_test,3,GECTI,True,False,0,0,0,137,132,132,0,0.7
timer,timer_count_test,1,GECTI,True,False,0,0,0,30,8,0,0,0.6
timer,timer_count_test,2,GECTI,True,False,0,0,0,30,8,0,0,0.6
timer,timer_count_test,3,GECTI,True,False,0,0,0,30,8,0,0,0.7
timer,timer_event_test,1,GECTI,True,False,0,0,0,7,5,5,0,0.6
timer,timer_event_test,2,GECTI,True,False,0,0,0,7,5,5,0,0.6
timer,timer_event_test,3,GECTI,True,False,0,0,0,7,5,5,0,0.8
timer,timer_random_test,1,GECTI,True,False,0,0,0,26,73,50,0,2.6
timer,timer_random_test,2,GECTI,True,False,0,0,0,21,79,61,0,2.6
timer,timer_random_test,3,GECTI,True,False,0,0,0,27,70,53,0,2.5
timer,timer_reset_mid_test,1,GECTI,True,False,0,0,0,10,23,14,0,1.2
timer,timer_reset_mid_test,2,GECTI,True,False,0,0,0,11,22,16,0,1.2
timer,timer_reset_mid_test,3,GECTI,True,False,0,0,0,12,21,18,0,1.3
timer,timer_reset_test,1,GECTI,True,False,0,0,0,0,8,6,0,0.7
timer,timer_reset_test,2,GECTI,True,False,0,0,0,0,8,6,0,0.7
timer,timer_reset_test,3,GECTI,True,False,0,0,0,0,8,6,0,0.7
timer,timer_ro_test,1,GECTI,True,False,0,0,0,5,10,0,0,0.7
timer,timer_ro_test,2,GECTI,True,False,0,0,0,5,10,0,0,0.7
timer,timer_ro_test,3,GECTI,True,False,0,0,0,5,10,0,0,0.7
timer,timer_stress_test,1,GECTI,True,False,0,0,0,6,6,6,0,0.6
timer,timer_stress_test,2,GECTI,True,False,0,0,0,6,6,6,0,0.8
timer,timer_stress_test,3,GECTI,True,False,0,0,0,6,6,6,0,0.6
timer,timer_unmapped_test,1,GECTI,True,False,0,0,0,4,8,0,0,0.7
timer,timer_unmapped_test,2,GECTI,True,False,0,0,0,4,8,0,0,0.7
timer,timer_unmapped_test,3,GECTI,True,False,0,0,0,4,8,0,0,0.7
uart_gu,uart_gu_baud_test,1,GECTI,True,False,0,0,0,37,18,9,0,0.9
uart_gu,uart_gu_baud_test,2,GECTI,True,False,0,0,0,37,18,9,0,0.9
uart_gu,uart_gu_baud_test,3,GECTI,True,False,0,0,0,37,18,9,0,0.9
uart_gu,uart_gu_bitwalk_test,1,GECTI,True,False,0,0,0,102,99,99,0,0.8
uart_gu,uart_gu_bitwalk_test,2,GECTI,True,False,0,0,0,102,99,99,0,0.9
uart_gu,uart_gu_bitwalk_test,3,GECTI,True,False,0,0,0,102,99,99,0,0.8
uart_gu,uart_gu_cpb_zero_test,1,GECTI,True,False,0,0,0,7,24,0,0,0.8
uart_gu,uart_gu_cpb_zero_test,2,GECTI,True,False,0,0,0,7,24,0,0,0.8
uart_gu,uart_gu_cpb_zero_test,3,GECTI,True,False,0,0,0,7,24,0,0,0.8
uart_gu,uart_gu_duplex_test,1,GECTI,True,False,0,0,0,3,2,0,0,0.9
uart_gu,uart_gu_duplex_test,2,GECTI,True,False,0,0,0,3,2,0,0,0.9
uart_gu,uart_gu_duplex_test,3,GECTI,True,False,0,0,0,3,2,0,0,0.8
uart_gu,uart_gu_random_test,1,GECTI,True,False,0,0,0,24,73,45,0,2.8
uart_gu,uart_gu_random_test,2,GECTI,True,False,0,0,0,18,74,45,0,2.6
uart_gu,uart_gu_random_test,3,GECTI,True,False,0,0,0,32,89,51,0,3.2
uart_gu,uart_gu_reset_mid_test,1,GECTI,True,False,0,0,0,9,22,11,0,1.3
uart_gu,uart_gu_reset_mid_test,2,GECTI,True,False,0,0,0,10,21,15,0,1.3
uart_gu,uart_gu_reset_mid_test,3,GECTI,True,False,0,0,0,11,20,12,0,1.3
uart_gu,uart_gu_reset_test,1,GECTI,True,False,0,0,0,0,6,4,0,0.7
uart_gu,uart_gu_reset_test,2,GECTI,True,False,0,0,0,0,6,4,0,0.8
uart_gu,uart_gu_reset_test,3,GECTI,True,False,0,0,0,0,6,4,0,0.7
uart_gu,uart_gu_ro_test,1,GECTI,True,False,0,0,0,2,5,0,0,0.7
uart_gu,uart_gu_ro_test,2,GECTI,True,False,0,0,0,2,5,0,0,0.7
uart_gu,uart_gu_ro_test,3,GECTI,True,False,0,0,0,2,5,0,0,0.8
uart_gu,uart_gu_rx_test,1,GECTI,True,False,0,0,0,6,10,0,0,0.8
uart_gu,uart_gu_rx_test,2,GECTI,True,False,0,0,0,6,10,0,0,0.8
uart_gu,uart_gu_rx_test,3,GECTI,True,False,0,0,0,6,10,0,0,0.8
uart_gu,uart_gu_stress_test,1,GECTI,True,False,0,0,0,6,6,6,0,0.7
uart_gu,uart_gu_stress_test,2,GECTI,True,False,0,0,0,6,6,6,0,0.8
uart_gu,uart_gu_stress_test,3,GECTI,True,False,0,0,0,6,6,6,0,0.7
uart_gu,uart_gu_tx_test,1,GECTI,True,False,0,0,0,19,6,0,0,0.9
uart_gu,uart_gu_tx_test,2,GECTI,True,False,0,0,0,19,6,0,0,0.7
uart_gu,uart_gu_tx_test,3,GECTI,True,False,0,0,0,19,6,0,0,1.0
uart_gu,uart_gu_unmapped_test,1,GECTI,True,False,0,0,0,1,2,1,0,0.7
uart_gu,uart_gu_unmapped_test,2,GECTI,True,False,0,0,0,1,2,1,0,0.8
uart_gu,uart_gu_unmapped_test,3,GECTI,True,False,0,0,0,1,2,1,0,0.7
uart_yz,uart_yz_baud_test,1,GECTI,True,False,0,0,0,37,18,9,0,0.9
uart_yz,uart_yz_baud_test,2,GECTI,True,False,0,0,0,37,18,9,0,1.0
uart_yz,uart_yz_baud_test,3,GECTI,True,False,0,0,0,37,18,9,0,0.9
uart_yz,uart_yz_bitwalk_test,1,GECTI,True,False,0,0,0,102,99,99,0,0.8
uart_yz,uart_yz_bitwalk_test,2,GECTI,True,False,0,0,0,102,99,99,0,0.8
uart_yz,uart_yz_bitwalk_test,3,GECTI,True,False,0,0,0,102,99,99,0,1.2
uart_yz,uart_yz_cpb_zero_test,1,GECTI,True,False,0,0,0,7,24,0,0,0.8
uart_yz,uart_yz_cpb_zero_test,2,GECTI,True,False,0,0,0,7,24,0,0,0.8
uart_yz,uart_yz_cpb_zero_test,3,GECTI,True,False,0,0,0,7,24,0,0,0.8
uart_yz,uart_yz_dma_test,1,GECTI,True,False,0,0,0,5,6,0,0,0.8
uart_yz,uart_yz_dma_test,2,GECTI,True,False,0,0,0,5,6,0,0,0.8
uart_yz,uart_yz_dma_test,3,GECTI,True,False,0,0,0,5,6,0,0,0.8
uart_yz,uart_yz_duplex_test,1,GECTI,True,False,0,0,0,3,2,0,0,0.8
uart_yz,uart_yz_duplex_test,2,GECTI,True,False,0,0,0,3,2,0,0,0.8
uart_yz,uart_yz_duplex_test,3,GECTI,True,False,0,0,0,3,2,0,0,0.7
uart_yz,uart_yz_random_test,1,GECTI,True,False,0,0,0,24,73,45,0,2.9
uart_yz,uart_yz_random_test,2,GECTI,True,False,0,0,0,18,74,45,0,2.6
uart_yz,uart_yz_random_test,3,GECTI,True,False,0,0,0,32,89,51,0,3.4
uart_yz,uart_yz_reset_mid_test,1,GECTI,True,False,0,0,0,9,22,11,0,1.3
uart_yz,uart_yz_reset_mid_test,2,GECTI,True,False,0,0,0,10,21,15,0,1.3
uart_yz,uart_yz_reset_mid_test,3,GECTI,True,False,0,0,0,11,20,12,0,1.3
uart_yz,uart_yz_reset_test,1,GECTI,True,False,0,0,0,0,6,4,0,1.0
uart_yz,uart_yz_reset_test,2,GECTI,True,False,0,0,0,0,6,4,0,0.7
uart_yz,uart_yz_reset_test,3,GECTI,True,False,0,0,0,0,6,4,0,0.8
uart_yz,uart_yz_ro_test,1,GECTI,True,False,0,0,0,2,5,0,0,0.8
uart_yz,uart_yz_ro_test,2,GECTI,True,False,0,0,0,2,5,0,0,0.8
uart_yz,uart_yz_ro_test,3,GECTI,True,False,0,0,0,2,5,0,0,0.8
uart_yz,uart_yz_rx_test,1,GECTI,True,False,0,0,0,6,10,0,0,0.8
uart_yz,uart_yz_rx_test,2,GECTI,True,False,0,0,0,6,10,0,0,0.8
uart_yz,uart_yz_rx_test,3,GECTI,True,False,0,0,0,6,10,0,0,1.1
uart_yz,uart_yz_stress_test,1,GECTI,True,False,0,0,0,6,6,6,0,0.9
uart_yz,uart_yz_stress_test,2,GECTI,True,False,0,0,0,6,6,6,0,1.0
uart_yz,uart_yz_stress_test,3,GECTI,True,False,0,0,0,6,6,6,0,0.8
uart_yz,uart_yz_tx_test,1,GECTI,True,False,0,0,0,19,6,0,0,0.8
uart_yz,uart_yz_tx_test,2,GECTI,True,False,0,0,0,19,6,0,0,0.8
uart_yz,uart_yz_tx_test,3,GECTI,True,False,0,0,0,19,6,0,0,0.8
uart_yz,uart_yz_unmapped_test,1,GECTI,True,False,0,0,0,1,2,1,0,0.9
uart_yz,uart_yz_unmapped_test,2,GECTI,True,False,0,0,0,1,2,1,0,1.2
uart_yz,uart_yz_unmapped_test,3,GECTI,True,False,0,0,0,1,2,1,0,1.0
yz_csr,yz_csr_test,1,GECTI,True,False,0,0,0,3,9,0,0,0.8
yz_csr,yz_csr_test,2,GECTI,True,False,0,0,0,3,9,0,0,0.7
yz_csr,yz_csr_test,3,GECTI,True,False,0,0,0,3,9,0,0,0.7
yz_csr,yz_random_test,1,GECTI,True,False,0,0,0,24,73,0,0,2.6
yz_csr,yz_random_test,2,GECTI,True,False,0,0,0,18,74,0,0,2.5
yz_csr,yz_random_test,3,GECTI,True,False,0,0,0,32,89,0,0,2.8
yz_csr,yz_reset_mid_test,1,GECTI,True,False,0,0,0,8,23,0,0,1.3
yz_csr,yz_reset_mid_test,2,GECTI,True,False,0,0,0,9,22,0,0,1.3
yz_csr,yz_reset_mid_test,3,GECTI,True,False,0,0,0,10,21,0,0,1.3
yz_csr,yz_reset_test,1,GECTI,True,False,0,0,0,0,2,0,0,1.5
yz_csr,yz_reset_test,2,GECTI,True,False,0,0,0,0,2,0,0,1.6
yz_csr,yz_reset_test,3,GECTI,True,False,0,0,0,0,2,0,0,1.2
yz_csr,yz_ro_test,1,GECTI,True,False,0,0,0,4,9,0,0,1.1
yz_csr,yz_ro_test,2,GECTI,True,False,0,0,0,4,9,0,0,0.9
yz_csr,yz_ro_test,3,GECTI,True,False,0,0,0,4,9,0,0,1.0
yz_csr,yz_stress_test,1,GECTI,True,False,0,0,0,6,6,0,0,0.7
yz_csr,yz_stress_test,2,GECTI,True,False,0,0,0,6,6,0,0,0.7
yz_csr,yz_stress_test,3,GECTI,True,False,0,0,0,6,6,0,0,0.7
yz_csr,yz_unmapped_test,1,GECTI,True,False,0,0,0,3,8,7,0,1.0
yz_csr,yz_unmapped_test,2,GECTI,True,False,0,0,0,3,8,7,0,0.8
yz_csr,yz_unmapped_test,3,GECTI,True,False,0,0,0,3,8,7,0,0.7
